Unix Timestamp,Date,Symbol,Open,High,Low,Close,Volume XMR,Volume USD
1528675200,11/06/2018,XMRUSD,140.28,141,135.17,137.56,6782.78,933012.27
1528588800,10/06/2018,XMRUSD,154.65,154.87,133.06,140.28,29018.28,4157984.43
1528502400,09/06/2018,XMRUSD,158.25,160.01,154.58,154.65,20684.7,3270066.43
1528416000,08/06/2018,XMRUSD,164.23,165.33,157.2,158.25,20580.41,3304829.1
1528329600,07/06/2018,XMRUSD,164.25,171,163.02,164.23,24194.08,4044497.29
1528243200,06/06/2018,XMRUSD,167.13,168.05,161.6,164.25,22100.87,3647802.8
1528156800,05/06/2018,XMRUSD,160.39,169.69,158,167.13,19975.04,3270942.96
1528070400,04/06/2018,XMRUSD,169.05,170.72,158.1,160.39,19500.14,3181797.35
1527984000,03/06/2018,XMRUSD,162.18,177.27,162.1,169.05,13723.87,2330548.13
1527897600,02/06/2018,XMRUSD,157.82,168.09,156.63,162.18,12963.47,2104446.75
1527811200,01/06/2018,XMRUSD,155.78,159.04,153.37,157.82,12738.04,1989767.87
1527724800,31/05/2018,XMRUSD,155.33,159.21,154.6,155.78,15832.41,2483509.56
1527638400,30/05/2018,XMRUSD,157.92,161.96,153.38,155.33,16676.18,2616212.27
1527552000,29/05/2018,XMRUSD,149.97,167.87,148.02,157.92,15162.67,2366825.21
1527465600,28/05/2018,XMRUSD,166.91,169.29,149.67,149.97,17194.21,2741668.8
1527379200,27/05/2018,XMRUSD,165.39,171,162,166.91,12614.42,2077150.31
1527292800,26/05/2018,XMRUSD,165.58,169.24,163.37,165.39,13364.35,2220252.11
1527206400,25/05/2018,XMRUSD,171.7,174.26,163,165.58,14798.91,2474564.79
1527120000,24/05/2018,XMRUSD,171.18,178.13,162.15,171.7,13005.12,2209506.03
1527033600,23/05/2018,XMRUSD,176.06,180.3,167.67,171.18,14251.27,2480581.27
1526947200,22/05/2018,XMRUSD,199.05,199.11,175.96,176.06,12612.8,2365539.49
1526860800,21/05/2018,XMRUSD,203.4,204.26,194.76,199.05,8871.53,1766670.35
1526774400,20/05/2018,XMRUSD,197.16,205.07,196.25,203.4,8758.46,1755239.33
1526688000,19/05/2018,XMRUSD,203.9,204.31,196.5,197.16,7431.9,1479847.84
1526601600,18/05/2018,XMRUSD,190.92,212.5,186.46,203.9,12266.72,2368721.6
1526515200,17/05/2018,XMRUSD,198.65,203.73,190.92,190.92,14516.22,2891785.6
1526428800,16/05/2018,XMRUSD,203.64,204.12,192.49,198.65,13709.39,2708083.36
1526342400,15/05/2018,XMRUSD,213.38,218,201.29,203.64,12026.58,2534849.77
1526256000,14/05/2018,XMRUSD,208.58,219.59,197.06,213.38,15953.06,3328998.15
1526169600,13/05/2018,XMRUSD,202.49,213.35,202.04,208.58,10966.37,2282849.9
1526083200,12/05/2018,XMRUSD,198.34,206.73,192,202.49,13885.08,2767941.61
1525996800,11/05/2018,XMRUSD,217.17,217.37,197.37,198.34,16258.02,3357339.49
1525910400,10/05/2018,XMRUSD,227.04,233.92,217.07,217.17,11819.38,2681980.68
1525824000,09/05/2018,XMRUSD,223.52,233.49,215.09,227.04,12635.68,2831358.98
1525737600,08/05/2018,XMRUSD,233.43,234.96,220,223.52,11459.76,2593385.37
1525651200,07/05/2018,XMRUSD,235.02,236.03,221.34,233.43,11772.9,2680747.94
1525564800,06/05/2018,XMRUSD,241.77,242.84,230.78,235.02,11697.97,2762918.51
1525478400,05/05/2018,XMRUSD,241.18,245.51,239.42,241.77,15147.12,3679383.02
1525392000,04/05/2018,XMRUSD,246.06,248.29,235.68,241.18,13092.23,3177893.28
1525305600,03/05/2018,XMRUSD,249.71,260.56,241.8,246.06,15218.37,3778962.39
1525219200,02/05/2018,XMRUSD,239.6,253.93,238.47,249.71,13765.18,3385381.46
1525132800,01/05/2018,XMRUSD,241.32,242.41,228.48,239.6,11385.48,2682210.57
1525046400,30/04/2018,XMRUSD,256.36,260.62,239,241.32,16867.11,4196019.74
1524960000,29/04/2018,XMRUSD,261.65,264.1,243.21,256.36,13529.56,3418430.97
1524873600,28/04/2018,XMRUSD,252.92,265.56,250.82,261.65,11769.87,3020186.95
1524787200,27/04/2018,XMRUSD,267.68,268.77,252.09,252.92,10628.38,2769708.93
1524700800,26/04/2018,XMRUSD,259.37,279.05,251.42,267.68,15606.97,4134596.13
1524614400,25/04/2018,XMRUSD,293.88,294.21,246.57,259.37,15421.15,4141667.8
1524528000,24/04/2018,XMRUSD,288.73,300.68,283.77,293.88,14985.41,4402723.23
1524441600,23/04/2018,XMRUSD,276.34,292.94,275.61,288.73,11324.66,3244216.29
1524355200,22/04/2018,XMRUSD,261.51,289.39,252.55,276.34,12422.23,3370970.2
1524268800,21/04/2018,XMRUSD,276.5,276.65,241.96,261.51,12248.08,3193344.43
1524182400,20/04/2018,XMRUSD,243.9,276.79,242.67,276.5,15457.38,3948152.77
1524096000,19/04/2018,XMRUSD,233.4,244.03,231.08,243.9,11703.71,2789932.89
1524009600,18/04/2018,XMRUSD,201.33,239.87,200.33,233.4,15146.85,3410116.13
1523923200,17/04/2018,XMRUSD,199.75,208.23,198.57,201.33,12597.48,2558056.8
1523836800,16/04/2018,XMRUSD,205,207.66,193.23,199.75,14314.21,2850505.46
1523750400,15/04/2018,XMRUSD,195.33,209.62,195.08,205,13180.59,2666293.33
1523664000,14/04/2018,XMRUSD,194.05,201.84,192.32,195.33,12772.77,2511263.99
1523577600,13/04/2018,XMRUSD,198.24,207.55,190.25,194.05,13612.46,2698254.37
1523491200,12/04/2018,XMRUSD,172.94,198.96,170.01,198.24,13596.31,2486763.9
1523404800,11/04/2018,XMRUSD,170.88,173.33,168.18,172.94,14463.08,2466405.88
1523318400,10/04/2018,XMRUSD,171.9,172.78,168.78,170.88,13384.17,2283438.72
1523232000,09/04/2018,XMRUSD,178.03,183.9,168.41,171.9,12126.19,2136905.66
1523145600,08/04/2018,XMRUSD,175.01,179.26,173,178.03,13200.35,2321886.02
1523059200,07/04/2018,XMRUSD,166.8,177.79,166.8,175.01,12190.13,2122060.85
1522972800,06/04/2018,XMRUSD,177.12,180.37,164.25,166.8,12676,2183601.9
1522886400,05/04/2018,XMRUSD,176.54,181.11,170.86,177.12,12459.82,2207269.38
1522800000,04/04/2018,XMRUSD,194.2,194.48,175.09,176.54,13836.31,2542098.99
1522713600,03/04/2018,XMRUSD,182.43,195.57,181.83,194.2,12741.11,2419875.25
1522627200,02/04/2018,XMRUSD,181.55,187.33,179.22,182.43,13569.22,2493635.56
1522540800,01/04/2018,XMRUSD,185.04,187.91,171.11,181.55,14844.94,2685766.37
1522454400,31/03/2018,XMRUSD,178.25,186.99,175.56,185.04,12371.56,2259218.16
1522368000,30/03/2018,XMRUSD,181.89,187.36,171.57,178.25,13237.4,2362306.08
1522281600,29/03/2018,XMRUSD,202.16,204.29,181.84,181.89,14969.06,2853707.25
1522195200,28/03/2018,XMRUSD,191.45,204.12,188.88,202.16,11462.87,2253475.72
1522108800,27/03/2018,XMRUSD,200.05,201.85,187.67,191.45,13578.45,2628361.36
1522022400,26/03/2018,XMRUSD,216.07,217.25,191.33,200.05,13186.58,2660376.27
1521936000,25/03/2018,XMRUSD,211.47,218.7,205.62,216.07,11765.1,2480931.09
1521849600,24/03/2018,XMRUSD,220.4,220.82,211,211.47,11838.76,2573232.79
1521763200,23/03/2018,XMRUSD,217.1,221.03,203.72,220.4,12198.19,2580298.44
1521676800,22/03/2018,XMRUSD,222.73,228.24,208.88,217.1,12295.94,2686862.01
1521590400,21/03/2018,XMRUSD,228.93,243,220.07,222.73,11117.93,2590916.66
1521504000,20/03/2018,XMRUSD,223.7,239.93,211.35,228.93,11497.36,2559967.99
1521417600,19/03/2018,XMRUSD,217.29,227.24,208.85,223.7,12856.76,2805751.84
1521331200,18/03/2018,XMRUSD,203.97,217.71,185.75,217.29,13634.43,2677726.8
1521244800,17/03/2018,XMRUSD,220.5,222.12,201.31,203.97,12279.47,2602002.16
1521158400,16/03/2018,XMRUSD,215.96,228.4,207.19,220.5,11617,2519886.72
1521072000,15/03/2018,XMRUSD,224.62,235.89,207.81,215.96,12421.89,2740767.16
1520985600,14/03/2018,XMRUSD,252.61,256.95,220.83,224.62,13440.42,3226203.75
1520899200,13/03/2018,XMRUSD,263.35,268.34,249.6,252.61,10110.15,2611231.25
1520812800,12/03/2018,XMRUSD,283.19,288.93,254.52,263.35,9761.92,2675469.02
1520726400,11/03/2018,XMRUSD,260.36,289.71,255.38,283.19,10995.99,2976098.52
1520640000,10/03/2018,XMRUSD,294,303.49,260.17,260.36,9962.75,2836778.73
1520553600,09/03/2018,XMRUSD,284.44,296.03,256.65,294,13520.83,3695286.97
1520467200,08/03/2018,XMRUSD,349.82,349.97,283.85,284.44,9275.78,2920537.68
1520380800,07/03/2018,XMRUSD,350.96,371.01,333.04,349.82,10599.29,3732832.28
1520294400,06/03/2018,XMRUSD,377.91,377.91,342.86,350.96,9681.06,3479363.53
1520208000,05/03/2018,XMRUSD,372.69,384.51,359,377.91,8314.58,3099332.53
1520121600,04/03/2018,XMRUSD,356.57,373,341.68,372.69,9106.66,3244003.86
1520035200,03/03/2018,XMRUSD,348.9,376.99,346.93,356.57,9890.67,3569554.68
1519948800,02/03/2018,XMRUSD,316.65,356.5,314.72,348.9,11360.62,3766618.29
1519862400,01/03/2018,XMRUSD,290.18,318.48,286.69,316.65,9243.69,2780442.1
1519776000,28/02/2018,XMRUSD,303.23,307.22,288.98,290.18,8936.49,2661259.57
1519689600,27/02/2018,XMRUSD,293,308.12,286.53,303.23,8621.74,2589661.19
1519603200,26/02/2018,XMRUSD,282.03,299.86,271.8,293,9963.61,2849633.76
1519516800,25/02/2018,XMRUSD,275.22,286.19,267.07,282.03,7777.97,2147577.33
1519430400,24/02/2018,XMRUSD,287.48,295.59,268.5,275.22,8708.69,2440313.32
1519344000,23/02/2018,XMRUSD,281.64,303.21,267.63,287.48,9625.43,2730107.1
1519257600,22/02/2018,XMRUSD,323.36,327.99,281.26,281.64,10402.83,3149436.53
1519171200,21/02/2018,XMRUSD,311.36,338.74,292.81,323.36,11958.18,3760781.82
1519084800,20/02/2018,XMRUSD,318.02,326.66,310.99,311.36,9689.11,3095579.33
1518998400,19/02/2018,XMRUSD,298.5,319.95,297.91,318.02,7913.35,2463424.87
1518912000,18/02/2018,XMRUSD,321.68,323.54,289.28,298.5,10077.45,3092782.33
1518825600,17/02/2018,XMRUSD,293.28,333.69,290.53,321.68,11091.25,3513705.86
1518739200,16/02/2018,XMRUSD,299.34,300.91,277.32,293.28,8195.45,2368681.95
1518652800,15/02/2018,XMRUSD,274.44,302.41,263.81,299.34,7943.3,2206957.12
1518566400,14/02/2018,XMRUSD,234.22,274.51,234.05,274.44,13341.98,3373071.97
1518480000,13/02/2018,XMRUSD,248.05,248.94,228.52,234.22,11737.7,2768102.81
1518393600,12/02/2018,XMRUSD,228.03,251.51,227.54,248.05,9829.23,2400114.4
1518307200,11/02/2018,XMRUSD,247.49,247.52,217.75,228.03,10407.74,2410508.61
1518220800,10/02/2018,XMRUSD,259.16,271.33,240.77,247.49,12521.21,3216405.47
1518134400,09/02/2018,XMRUSD,251.69,259.96,237.34,259.16,12116.64,2991880.57
1518048000,08/02/2018,XMRUSD,208.9,256.82,208.28,251.69,9225.61,2189748.46
1517961600,07/02/2018,XMRUSD,214.21,235,195.57,208.9,9215.07,1997984.57
1517875200,06/02/2018,XMRUSD,183.66,217.1,150.38,214.21,14759.95,2620632.47
1517788800,05/02/2018,XMRUSD,220.34,223.57,171.91,183.66,15654.11,3113667.33
1517702400,04/02/2018,XMRUSD,252.63,259.69,217.51,220.34,11209.7,2664691.62
1517616000,03/02/2018,XMRUSD,238.63,258.99,218.82,252.63,9942.52,2405946.35
1517529600,02/02/2018,XMRUSD,243.84,259.44,189.88,238.63,16693.01,3848974.01
1517443200,01/02/2018,XMRUSD,276.29,280.39,232.17,243.84,11554.35,2998292.23
1517356800,31/01/2018,XMRUSD,276.25,284.65,265.76,276.29,10795.46,2964474.18
1517270400,30/01/2018,XMRUSD,314.62,315.84,267.64,276.25,11984.83,3510938.55
1517184000,29/01/2018,XMRUSD,335.25,338.89,311,314.62,8568.14,2747803.68
1517097600,28/01/2018,XMRUSD,322.79,340.15,321.89,335.25,9423.64,3128046.12
1517011200,27/01/2018,XMRUSD,321.12,334.91,308.7,322.79,9868.83,3175929.98
1516924800,26/01/2018,XMRUSD,315.75,327.77,288.77,321.12,9509.57,2957750.98
1516838400,25/01/2018,XMRUSD,319.74,326.4,305.88,315.75,5434.84,1721180.69
1516752000,24/01/2018,XMRUSD,307.31,324.64,298.21,319.74,9512.37,2976006.3
1516665600,23/01/2018,XMRUSD,312.62,320.87,283.03,307.31,13608.25,4154375.33
1516579200,22/01/2018,XMRUSD,346.22,355.3,285.45,312.62,10914.07,3513236.36
1516492800,21/01/2018,XMRUSD,382.01,388.19,331.31,346.22,11114.86,3965889.8
1516406400,20/01/2018,XMRUSD,363.62,404.68,355.24,382.01,10547.6,4057046.36
1516320000,19/01/2018,XMRUSD,305.91,365.6,300.08,363.62,10182.43,3329380.55
1516233600,18/01/2018,XMRUSD,318.19,343.37,297.91,305.91,9566.83,3084258.4
1516147200,17/01/2018,XMRUSD,311.67,327.63,241.21,318.19,12756.18,3705834.42
1516060800,16/01/2018,XMRUSD,414.09,416.51,254.56,311.67,12745.46,4342771.5
1515974400,15/01/2018,XMRUSD,394.68,442.62,386.08,414.86,7113.61,2963759.57
1515888000,14/01/2018,XMRUSD,417.96,498,376.7,394.68,7907.82,3292758.13
1515801600,13/01/2018,XMRUSD,390.99,458.72,387.25,417.96,11165.51,4685220.07
1515715200,12/01/2018,XMRUSD,353.1,393.06,338.72,390.99,7571.61,2803340.9
1515628800,11/01/2018,XMRUSD,403.88,413.92,338.59,353.1,8675.38,3231002.86
1515542400,10/01/2018,XMRUSD,408.38,414.81,362.54,403.88,9009.8,3528837.76
1515456000,09/01/2018,XMRUSD,401.38,445.15,393.26,408.38,8008.55,3374642.08
1515369600,08/01/2018,XMRUSD,405.04,409.44,344.9,401.38,9738.42,3718249.88
1515283200,07/01/2018,XMRUSD,394.34,419.99,391.91,405.04,7410.26,3025536.61
1515196800,06/01/2018,XMRUSD,356.15,395.11,349.15,394.34,8541.19,3178197.64
1515110400,05/01/2018,XMRUSD,373.3,379.24,342.64,356.15,7937.19,2874032.4
1515024000,04/01/2018,XMRUSD,385.37,395.04,355.15,373.3,8786.77,3281055.89
1514937600,03/01/2018,XMRUSD,364.13,390.81,358.04,385.37,9412.97,3518562.34
1514851200,02/01/2018,XMRUSD,338.29,370.83,338.02,364.13,12470.3,4435202.25
1514764800,01/01/2018,XMRUSD,330.33,342.95,318.22,338.29,9510.34,3160331.05
1514678400,31/12/2017,XMRUSD,304.16,341.45,301.1,330.33,8500.42,2737359.28
1514592000,30/12/2017,XMRUSD,352.14,354.9,289.59,304.16,10325.81,3267365.51
1514505600,29/12/2017,XMRUSD,354.53,367.89,338.75,352.14,8342.36,2936050.43
1514419200,28/12/2017,XMRUSD,373.63,378.73,324.54,354.53,9200.61,3131647.36
1514332800,27/12/2017,XMRUSD,355.57,408.38,332.16,373.63,12903.81,4785970.57
1514246400,26/12/2017,XMRUSD,336.45,363.29,333.56,355.57,9276.5,3233224.28
1514160000,25/12/2017,XMRUSD,329.27,349.99,314.5,336.45,9055.24,3016491.82
1514073600,24/12/2017,XMRUSD,339.66,350.19,282.84,329.27,12012.83,3756418.27
1513987200,23/12/2017,XMRUSD,333.38,379.11,316.56,339.66,8605,3056390.23
1513900800,22/12/2017,XMRUSD,414.66,419.7,240,333.38,19515.35,6348500.36
1513814400,21/12/2017,XMRUSD,422.62,458.85,373.77,414.66,13561.52,5696167.04
1513728000,20/12/2017,XMRUSD,353.85,429.71,30,422.62,16179.27,6069260.59
1513641600,19/12/2017,XMRUSD,369.12,391.82,328.1,353.85,20952.14,7598087.81
1513555200,18/12/2017,XMRUSD,343.5,369.82,322.12,369.12,8490.32,2942164.19
1513468800,17/12/2017,XMRUSD,319.46,354,316.12,343.5,10546.94,3566015.08
1513382400,16/12/2017,XMRUSD,307.57,326.42,305,319.46,11285.34,3574655.38
1513296000,15/12/2017,XMRUSD,315.4,317.89,283.05,307.57,9831.87,2977888.98
1513209600,14/12/2017,XMRUSD,296.65,325,289.77,315.4,14648.24,4527345.91
1513123200,13/12/2017,XMRUSD,294.65,323.98,274.58,296.65,10991.04,3263792.4
1513036800,12/12/2017,XMRUSD,275.35,310,275,294.65,16119.29,4690664.15
1512950400,11/12/2017,XMRUSD,239.94,277.33,237.94,275.35,13162.09,3427635.92
1512864000,10/12/2017,XMRUSD,255.39,255.67,214.5,239.94,20304.3,4819542.62
1512777600,09/12/2017,XMRUSD,262.16,270,240.52,255.39,15943.34,4126711.48
1512691200,08/12/2017,XMRUSD,256.61,268.41,232.26,262.16,15857.92,3968333.08
1512604800,07/12/2017,XMRUSD,255.2,278.88,232.34,256.61,17521.86,4424497.71
1512518400,06/12/2017,XMRUSD,246.73,297.99,245,255.2,22764.91,6139098.36
1512432000,05/12/2017,XMRUSD,208.14,248.66,206.69,246.73,25872.92,5842640.48
1512345600,04/12/2017,XMRUSD,195.74,208.44,188.77,208.14,16451.18,3249459.64
1512259200,03/12/2017,XMRUSD,200.55,207.72,184.3,195.74,23659.14,4702890.88
1512172800,02/12/2017,XMRUSD,188.68,202.71,183.73,200.55,19259.13,3658072.57
1512086400,01/12/2017,XMRUSD,175.16,189.4,165.63,188.68,15366.71,2748845.65
1512000000,30/11/2017,XMRUSD,167.07,196.99,153.9,175.16,15933.87,2769953.14
1511913600,29/11/2017,XMRUSD,195.78,208.5,152.5,167.07,18967.24,3498036.51
1511827200,28/11/2017,XMRUSD,172,197.44,170.61,195.78,17844.63,3269943.27
1511740800,27/11/2017,XMRUSD,162.43,172,157,172,16833.16,2763632.64
1511654400,26/11/2017,XMRUSD,168.41,168.66,157.78,162.43,20629.58,3345161.28
1511568000,25/11/2017,XMRUSD,158.66,169.91,158.5,168.41,18769.35,3090409.73
1511481600,24/11/2017,XMRUSD,157.58,162.27,154.49,158.66,20079.73,3181154.84
1511395200,23/11/2017,XMRUSD,165.5,173.34,154.45,157.58,17818.83,2894538.39
1511308800,22/11/2017,XMRUSD,142,173.15,140.26,165.5,33229.32,5114697.79
1511222400,21/11/2017,XMRUSD,136.02,142.72,131.27,142,24962.27,3441578.41
1511136000,20/11/2017,XMRUSD,129.74,142.63,128.63,136.02,31130.38,4241586.71
1511049600,19/11/2017,XMRUSD,130.74,133.84,127.11,129.74,22861.9,2994672.96
1510963200,18/11/2017,XMRUSD,126.48,134.89,122.81,130.74,28496.78,3649452.8
1510876800,17/11/2017,XMRUSD,120.63,126.61,118.55,126.48,23294.65,2853150.4
1510790400,16/11/2017,XMRUSD,120.49,127.87,118.01,120.63,30052.05,3669444.91
1510704000,15/11/2017,XMRUSD,121.22,124,117.62,120.49,22958.51,2778699.79
1510617600,14/11/2017,XMRUSD,122.15,123,116.4,121.22,19838.98,2396066.04
1510531200,13/11/2017,XMRUSD,123.73,139.98,118,122.15,25248.36,3155176.13
1510444800,12/11/2017,XMRUSD,118.65,140,109.13,123.73,33296.84,4011496.92
1510358400,11/11/2017,XMRUSD,104.36,127.02,102.26,118.65,30213.95,3399749.34
1510272000,10/11/2017,XMRUSD,120.78,121.42,100,104.36,30114.65,3363927.51
1510185600,09/11/2017,XMRUSD,112.4,123.2,110.82,120.78,26485.18,3089674.93
1510099200,08/11/2017,XMRUSD,98.59,115.83,98.16,112.4,37981.09,3902905.92
1510012800,07/11/2017,XMRUSD,101.07,104.07,93.51,98.59,29371.04,2913757.48
1509926400,06/11/2017,XMRUSD,86.23,101.28,86.01,101.07,44224.74,4056926.45
1509840000,05/11/2017,XMRUSD,87.17,87.98,86.01,86.23,32398.82,2811200.31
1509753600,04/11/2017,XMRUSD,87.12,87.5,85.01,87.17,28290.92,2439307.53
1509667200,03/11/2017,XMRUSD,82.68,89.63,82.68,87.12,31396.54,2675719.15
1509580800,02/11/2017,XMRUSD,85.51,86.06,80.17,82.68,35291.03,2932810.71
1509494400,01/11/2017,XMRUSD,87.3,87.94,84.44,85.51,31426.13,2709867.51
1509408000,31/10/2017,XMRUSD,88.7,89.16,87.22,87.3,31205.2,2754194.82
1509321600,30/10/2017,XMRUSD,88.59,90.79,88.07,88.7,41089.97,3662861.15
1509235200,29/10/2017,XMRUSD,85.74,90.74,85.66,88.59,125515.82,10931030.41
1509148800,28/10/2017,XMRUSD,86.4,87.28,85.07,85.74,44826.92,3853237.6
1509062400,27/10/2017,XMRUSD,88.45,88.7,85.93,86.4,47380.09,4124544.68
1508976000,26/10/2017,XMRUSD,87.1,89.3,87.05,88.45,40973.35,3614756.32
1508889600,25/10/2017,XMRUSD,88.06,95.68,84.94,87.1,81564.7,7162768.95
1508803200,24/10/2017,XMRUSD,85.1,91.89,82.55,88.06,85854.39,7596117.13
1508716800,23/10/2017,XMRUSD,86.35,86.76,81.43,85.1,67174.74,5693697.68
1508630400,22/10/2017,XMRUSD,88.09,88.8,85.07,86.35,64810.78,5622762.21
1508544000,21/10/2017,XMRUSD,90.35,90.57,86,88.09,54789.94,4802706.1
1508457600,20/10/2017,XMRUSD,88.4,93.19,87.97,90.35,63917.17,5767128.21
1508371200,19/10/2017,XMRUSD,89.18,92.46,87.34,88.4,68334.49,6117114.88
1508284800,18/10/2017,XMRUSD,91.1,91.27,85.61,89.18,74840.94,6625760.4
1508198400,17/10/2017,XMRUSD,95.85,97,90.46,91.1,63379.63,5931923.16
1508112000,16/10/2017,XMRUSD,94.93,98.55,93.07,95.85,63853.09,6091445.9
1508025600,15/10/2017,XMRUSD,100.07,101.16,91.39,94.93,87004.18,8289298.4
1507939200,14/10/2017,XMRUSD,94.67,103.48,93.62,100.07,61840.55,5948125.99
1507852800,13/10/2017,XMRUSD,86.88,97.03,85.29,94.67,87872.42,8008810.4
1507766400,12/10/2017,XMRUSD,87.43,89.23,86.41,86.88,47603.23,4168814.36
1507680000,11/10/2017,XMRUSD,86.43,88.78,85.76,87.43,42996.34,3743131.59
1507593600,10/10/2017,XMRUSD,85.34,88.56,84.08,86.43,61721.81,5362369.02
1507507200,09/10/2017,XMRUSD,90.42,90.47,83.41,85.34,66761.01,5851532.73
1507420800,08/10/2017,XMRUSD,91.6,92.6,90,90.42,45080.56,4116089.97
1507334400,07/10/2017,XMRUSD,91.11,92.5,89,91.6,51747.31,4695506.3
1507248000,06/10/2017,XMRUSD,92,92.97,89.43,91.11,50712.88,4640633.27
1507161600,05/10/2017,XMRUSD,90.4,92.61,87.9,92,65767.02,5931040.65
1507075200,04/10/2017,XMRUSD,92.85,93.73,88.33,90.4,68504.83,6226361.14
1506988800,03/10/2017,XMRUSD,91.37,94.79,87.09,92.85,84468.65,7618283.05
1506902400,02/10/2017,XMRUSD,93.56,95.6,91,91.37,50418.13,4651721.02
1506816000,01/10/2017,XMRUSD,96.38,96.73,92,93.56,54685.54,5137617.51
1506729600,30/09/2017,XMRUSD,94.73,97.03,94,96.38,50950.57,4881722.3
1506643200,29/09/2017,XMRUSD,97.98,99.05,91.09,94.73,87439.05,8260699.12
1506556800,28/09/2017,XMRUSD,102.7,102.88,96.33,97.98,59765.38,5917854.97
1506470400,27/09/2017,XMRUSD,93.62,104.59,93.53,102.7,63393.21,6212812.68
1506384000,26/09/2017,XMRUSD,94.08,95.58,91.86,93.62,52211.98,4897889.74
1506297600,25/09/2017,XMRUSD,89.64,94.87,88.7,94.08,53792.01,4939757.2
1506211200,24/09/2017,XMRUSD,91.88,91.94,87.33,89.64,63922.7,5728476.15
1506124800,23/09/2017,XMRUSD,87.89,92.69,86.77,91.88,60879.51,5472374.6
1506038400,22/09/2017,XMRUSD,85.99,89.53,84.05,87.89,86168.47,7458933.26
1505952000,21/09/2017,XMRUSD,95.75,96.44,84.66,85.99,90669.3,8190393.14
1505865600,20/09/2017,XMRUSD,98.55,99.15,92.79,95.75,64792.4,6223306.42
1505779200,19/09/2017,XMRUSD,101.27,102.33,94.14,98.55,59124.05,5767137.59
1505692800,18/09/2017,XMRUSD,93.51,103.79,93.5,101.27,62729.8,6251979.35
1505606400,17/09/2017,XMRUSD,96.34,97.45,88.88,93.51,90931.19,8524282.55
1505520000,16/09/2017,XMRUSD,100.18,104.4,91.91,96.34,25468.27,2476582.58
1505433600,15/09/2017,XMRUSD,86.17,102.25,73.12,100.18,36348.24,3300008.61
1505347200,14/09/2017,XMRUSD,109.71,119.81,86.01,86.17,40055.26,3931732.37
1505260800,13/09/2017,XMRUSD,111.79,112.89,101.82,109.71,24046.9,2577972.56
1505174400,12/09/2017,XMRUSD,112.03,116.52,108.18,111.79,21893.29,2483334.69
1505088000,11/09/2017,XMRUSD,112.64,115.8,109.06,112.03,22025.37,2478452.27
1505001600,10/09/2017,XMRUSD,115.94,117.23,102.58,112.64,24777.28,2744248.68
1504915200,09/09/2017,XMRUSD,117.31,119.25,112.09,115.94,22956.32,2658096.36
1504828800,08/09/2017,XMRUSD,121.75,134.98,110.01,117.31,24764,3002848.4
1504742400,07/09/2017,XMRUSD,122.64,123.97,116.36,121.75,19498.08,2335571.76
1504656000,06/09/2017,XMRUSD,117.36,124.9,114.72,122.64,8788.56,1069564.79
1504569600,05/09/2017,XMRUSD,105.88,118.61,95.51,117.36,4121.77,437584.77
1504483200,04/09/2017,XMRUSD,126.56,126.81,104.17,105.88,13375.31,1558931.59
1504396800,03/09/2017,XMRUSD,125.83,129.75,110.15,126.56,20009.58,2453407.41
1504310400,02/09/2017,XMRUSD,142.3,142.87,120.13,125.83,10433.06,1361303.9
1504224000,01/09/2017,XMRUSD,140.99,150.53,136.04,142.3,22182.29,3148227.66
1504137600,31/08/2017,XMRUSD,134.02,143.5,131.78,140.99,22835.05,3173436.53
1504051200,30/08/2017,XMRUSD,132.96,138,121.87,134.02,25241.17,3265756.75
1503964800,29/08/2017,XMRUSD,144.74,147.47,127.03,132.96,26594.16,3619605.51
1503878400,28/08/2017,XMRUSD,130.56,154.05,127.44,144.74,15437.07,2143630.74
1503792000,27/08/2017,XMRUSD,138.08,139.48,123.77,130.56,11800.43,1552685.27
1503705600,26/08/2017,XMRUSD,107.52,148.35,104.16,138.08,13357.61,1750669.34
1503619200,25/08/2017,XMRUSD,85.97,108.91,85.12,107.52,22212.1,2077836.04
1503532800,24/08/2017,XMRUSD,89.95,93.88,79.36,85.97,21185.81,1818073.45
1503446400,23/08/2017,XMRUSD,91.22,100,85.44,89.95,19028.27,1751262.71
1503360000,22/08/2017,XMRUSD,77.37,96.32,71.51,91.22,21053.73,1729567.02
1503273600,21/08/2017,XMRUSD,54.83,95.33,52.84,77.37,26963.06,1858551.76
1503187200,20/08/2017,XMRUSD,55.48,56.4,51.86,54.83,28060.02,1519314.34
1503100800,19/08/2017,XMRUSD,46.65,58.26,46.33,55.48,29283.29,1539688.36
1503014400,18/08/2017,XMRUSD,47.2,49.07,45.32,46.65,33079.93,1576850.93
1502928000,17/08/2017,XMRUSD,48.62,49.43,47.04,47.2,34640.01,1675876.39
1502841600,16/08/2017,XMRUSD,48.79,49.26,47,48.62,30694.59,1473554.16
1502755200,15/08/2017,XMRUSD,50,50.21,45.2,48.79,34879.73,1662341.4
1502668800,14/08/2017,XMRUSD,47.65,50,46.66,50,30211.31,1456077.14
1502582400,13/08/2017,XMRUSD,49.5,50.15,40.11,47.65,32486.11,1541415.67
1502496000,12/08/2017,XMRUSD,50.64,51.85,45.86,49.5,30751.97,1500357.3
1502409600,11/08/2017,XMRUSD,49.36,51.49,48.4,50.64,30375,1513524.16
1502323200,10/08/2017,XMRUSD,51.07,51.41,49.22,49.36,30672.66,1540597.74
1502236800,09/08/2017,XMRUSD,51.88,53.62,49.6,51.07,34789.11,1780311.27
1502150400,08/08/2017,XMRUSD,50.13,52.86,49.73,51.88,29121.15,1495094.41
1502064000,07/08/2017,XMRUSD,47.92,50.21,47.07,50.13,38624.75,1855372.35
1501977600,06/08/2017,XMRUSD,48.49,49.81,47.26,47.92,26242.26,1262822.21
1501891200,05/08/2017,XMRUSD,45.07,49.99,45.03,48.49,25001.27,1206618.64
1501804800,04/08/2017,XMRUSD,43.23,45.58,43,45.07,34990.77,1533655.27
1501718400,03/08/2017,XMRUSD,43.97,44.56,43,43.23,35694.03,1557336.94
1501632000,02/08/2017,XMRUSD,44.07,49,42.62,43.97,28074.86,1235981.37
1501545600,01/08/2017,XMRUSD,39.66,45.25,39.56,44.07,42618.95,1778387.8
1501459200,31/07/2017,XMRUSD,39.88,41.16,38.68,39.66,43916.58,1748667.86
1501372800,30/07/2017,XMRUSD,43.97,44.15,39.7,39.88,37968.22,1578464.9
1501286400,29/07/2017,XMRUSD,43.6,44.39,42,43.97,34642.85,1494286.92
1501200000,28/07/2017,XMRUSD,45.08,45.82,42.65,43.6,40902.99,1803988.91
1501113600,27/07/2017,XMRUSD,45.82,46.69,43.86,45.08,40175.51,1807904.79
1501027200,26/07/2017,XMRUSD,40.61,46.94,38.35,45.82,41161.15,1677314.81
1500940800,25/07/2017,XMRUSD,46.06,46.34,37.73,40.61,44662.49,1822576.58
1500854400,24/07/2017,XMRUSD,42.63,46.1,41.72,46.06,33535.68,1459042.49
1500768000,23/07/2017,XMRUSD,44.73,44.99,41.49,42.63,34662.65,1496168.38
1500681600,22/07/2017,XMRUSD,40.27,44.9,40.27,44.73,3931.56,169253.67
1500595200,21/07/2017,XMRUSD,40.53,41,38.35,40.27,3169.65,127042
1500508800,20/07/2017,XMRUSD,35,41.24,34.64,40.53,7209.88,278505.54
1500422400,19/07/2017,XMRUSD,36.22,37.96,34,35,4815.63,172443.53
1500336000,18/07/2017,XMRUSD,34.68,38.2,33,36.22,21343.16,749077.52
1500249600,17/07/2017,XMRUSD,29.44,34.92,29.29,34.68,39108.19,1257916.94
1500163200,16/07/2017,XMRUSD,32.23,32.77,28.1,29.44,45156.54,1384202.6
1500076800,15/07/2017,XMRUSD,35.38,35.38,31.27,32.23,23209.5,768009.08
1499990400,14/07/2017,XMRUSD,38.02,38.42,33.79,35.38,31119.15,1140784.47
1499904000,13/07/2017,XMRUSD,40.23,40.7,36.75,38.02,23785.6,913775.6
1499817600,12/07/2017,XMRUSD,42.75,42.75,37.87,40.23,14428.86,561361.92
1499731200,11/07/2017,XMRUSD,42.75,42.75,42.75,42.75,0,0
1499644800,10/07/2017,XMRUSD,44.55,45.24,42.07,42.75,11060.18,488503.36
1499558400,09/07/2017,XMRUSD,45.8,46.91,44.13,44.55,18829.25,856318.07
1499472000,08/07/2017,XMRUSD,44.08,45.9,41.66,45.8,13290.58,579857.35
1499385600,07/07/2017,XMRUSD,49.8,50.68,43.12,44.08,20853.9,973482.87
1499299200,06/07/2017,XMRUSD,45.74,50.07,45.74,49.8,26890.08,1288405.03
1499212800,05/07/2017,XMRUSD,45.19,46.65,44.12,45.74,20652.83,938596.86
1499126400,04/07/2017,XMRUSD,43.75,45.64,43.1,45.19,24199.91,1079227.35
1499040000,03/07/2017,XMRUSD,42.08,44.2,40.8,43.75,19150.48,818819.57
1498953600,02/07/2017,XMRUSD,40.03,42.55,38.97,42.08,18121.11,735539.44
1498867200,01/07/2017,XMRUSD,43.14,43.56,38.75,40.03,17363.68,721326.46
1498780800,30/06/2017,XMRUSD,44.28,45.49,42.49,43.14,21782.34,962471.97
1498694400,29/06/2017,XMRUSD,46.75,47.08,43.18,44.28,12724,574639.9
1498608000,28/06/2017,XMRUSD,43.2,46.95,41.48,46.75,4899.08,216463.12
1498521600,27/06/2017,XMRUSD,42.9,48.68,37.19,43.2,4617.73,190140.65
1498435200,26/06/2017,XMRUSD,44.69,46.95,37.67,42.9,2311.38,99775.59
1498348800,25/06/2017,XMRUSD,46.49,47.57,43.54,44.69,2739.09,126524.86
1498262400,24/06/2017,XMRUSD,50.51,50.87,45.17,46.49,3330.24,165011.94
1498176000,23/06/2017,XMRUSD,49.71,51.92,49.48,50.51,4870.99,246456.33
1498089600,22/06/2017,XMRUSD,48.25,50.71,47.5,49.71,2695.05,132851.94
1498003200,21/06/2017,XMRUSD,51.1,51.96,46.85,48.25,1444.31,73506.02
1497916800,20/06/2017,XMRUSD,50.38,53.6,50.01,51.1,4559.8,234694.66
1497830400,19/06/2017,XMRUSD,49.62,51.3,48.59,50.38,6613.37,332986.02
1497744000,18/06/2017,XMRUSD,51.86,53.39,47.64,49.62,6178.59,315697.28
1497657600,17/06/2017,XMRUSD,47.04,52.03,46.33,51.86,5546.62,275869.93
1497571200,16/06/2017,XMRUSD,45.09,47.38,42.72,47.04,5902.78,272080.54
1497484800,15/06/2017,XMRUSD,45.27,46.59,37.6,45.09,5352.43,231630.83
1497398400,14/06/2017,XMRUSD,51.6,52.92,43.35,45.27,4300.34,203695.83
1497312000,13/06/2017,XMRUSD,46.81,52.5,45.99,51.6,148.63,7538.61
1497225600,12/06/2017,XMRUSD,56.99,59.39,41.7,46.81,173.64,9119.73
1497139200,11/06/2017,XMRUSD,53.98,56.99,50.9,56.99,367.36,20573.4
1497052800,10/06/2017,XMRUSD,55.93,56.99,50.9,53.98,138.52,7616.21
1496966400,09/06/2017,XMRUSD,55.18,56.99,53.29,55.93,141.52,7832.83
1496880000,08/06/2017,XMRUSD,54.55,56.71,49.45,55.18,95.27,5156
1496793600,07/06/2017,XMRUSD,49.71,60.06,49.71,54.55,137.28,7827.53
1496707200,06/06/2017,XMRUSD,45.42,57.98,45.42,49.71,155.63,7889.32
1496620800,05/06/2017,XMRUSD,42.41,48.05,41.01,45.42,640.49,28463.94
1496534400,04/06/2017,XMRUSD,42.46,43.45,40.7,42.41,173.7,7344.87
1496448000,03/06/2017,XMRUSD,42.97,43.49,40.91,42.46,233.78,9902.71
1496361600,02/06/2017,XMRUSD,41.9,44.15,41.2,42.97,222.64,9567.47
1496275200,01/06/2017,XMRUSD,38.7,44.89,38.7,41.9,254.78,10539.3
1496188800,31/05/2017,XMRUSD,41.4,42.55,36.04,38.7,334.36,13170.15
1496102400,30/05/2017,XMRUSD,38.92,44.83,37.78,41.4,468.64,19268.58
1496016000,29/05/2017,XMRUSD,34.65,43.01,32.72,38.92,752.53,29038.99
1495929600,28/05/2017,XMRUSD,31.54,36.02,29.74,34.65,930.78,29862.29
1495843200,27/05/2017,XMRUSD,36.18,42,30,31.54,1013.71,32372.71
1495756800,26/05/2017,XMRUSD,43,43,36,36.18,11.39,451.81
